Workbook

Sheet REPORT | RECAP
B2: INSTALLATION SUMMARY REPORT
B3: As of 29/02/2024
B4: NO | C4: MUNICIPALITY | D4: BARANGAYS | G4: LOS | K4: INSTALLATIONS1 | R4: BRGY
G5: YES | H5: NO | K5: BAP | L5: ELS | M5: NHS | N5: SHS | O5: REL | P5: CKP | Q5: ETC | R5: WIN
B6: {=INSTALLATION!A47:Q47} -> 1 | C6: AURORA | D6: 44 | E6: BARANGAYS | F6: LOS | NLOS | G6: 37 | H6: 7 | I6: INSTALLATIONS | J6: 0 | K6: 25 | L6: 2 | M6: 2 | N6: 0 | O6: 3 | P6: 1 | Q6: 0 | R6: 25
B7: {=INSTALLATION!A76:Q76} -> 2 | C7: BAYOG | D7: 28 | E7: BARANGAYS | F7: LOS | NLOS | G7: 0 | H7: 28 | I7: INSTALLATIONS | J7: 0 | K7: 0 | L7: 0 | M7: 0 | N7: 0 | O7: 0 | P7: 0 | Q7: 0 | R7: 0
B8: {=INSTALLATION!A101:Q101} -> 3 | C8: DIMATALING | D8: 24 | E8: BARANGAYS | F8: LOS | NLOS | G8: 23 | H8: 1 | I8: INSTALLATIONS | J8: 0 | K8: 12 | L8: 1 | M8: 1 | N8: 0 | O8: 3 | P8: 0 | Q8: 0 | R8: 12
B9: {=INSTALLATION!A132:Q132} -> 4 | C9: DINAS | D9: 30 | E9: BARANGAYS | F9: LOS | NLOS | G9: 28 | H9: 2 | I9: INSTALLATIONS | J9: 0 | K9: 19 | L9: 6 | M9: 7 | N9: 1 | O9: 1 | P9: 0 | Q9: 2 | R9: 19
B10: {=INSTALLATION!A163:Q163} -> 5 | C10: DUMALINAO | D10: 30 | E10: BARANGAYS | F10: LOS | NLOS | G10: 26 | H10: 4 | I10: INSTALLATIONS | J10: 0 | K10: 24 | L10: 7 | M10: 4 | N10: 1 | O10: 0 | P10: 0 | Q10: 2 | R10: 24
B11: {=INSTALLATION!A208:Q208} -> 6 | C11: DUMINGAG | D11: 44 | E11: BARANGAYS | F11: LOS | NLOS | G11: 32 | H11: 12 | I11: INSTALLATIONS | J11: 0 | K11: 15 | L11: 0 | M11: 0 | N11: 0 | O11: 0 | P11: 0 | Q11: 0 | R11: 15
B12: {=INSTALLATION!A226:Q226} -> 7 | C12: GUIPOS | D12: 17 | E12: BARANGAYS | F12: LOS | NLOS | G12: 13 | H12: 4 | I12: INSTALLATIONS | J12: 0 | K12: 12 | L12: 1 | M12: 3 | N12: 0 | O12: 2 | P12: 0 | Q12: 2 | R12: 13
B13: {=INSTALLATION!A241:Q241} -> 8 | C13: JOSEFINA | D13: 14 | E13: BARANGAYS | F13: LOS | NLOS | G13: 11 | H13: 3 | I13: INSTALLATIONS | J13: 0 | K13: 3 | L13: 0 | M13: 0 | N13: 0 | O13: 1 | P13: 1 | Q13: 0 | R13: 3
B14: {=INSTALLATION!A260:Q260} -> 9 | C14: KUMALARANG | D14: 18 | E14: BARANGAYS | F14: LOS | NLOS | G14: 10 | H14: 8 | I14: INSTALLATIONS | J14: 0 | K14: 6 | L14: 1 | M14: 0 | N14: 0 | O14: 3 | P14: 1 | Q14: 1 | R14: 8
B15: {=INSTALLATION!A286:Q286} -> 10 | C15: LABANGAN | D15: 25 | E15: BARANGAYS | F15: LOS | NLOS | G15: 21 | H15: 4 | I15: INSTALLATIONS | J15: 0 | K15: 20 | L15: 5 | M15: 0 | N15: 1 | O15: 1 | P15: 0 | Q15: 0 | R15: 20
B16: {=INSTALLATION!A301:Q301} -> 11 | C16: LAKEWOOD | D16: 14 | E16: BARANGAYS | F16: LOS | NLOS | G16: 4 | H16: 10 | I16: INSTALLATIONS | J16: 0 | K16: 1 | L16: 0 | M16: 1 | N16: 0 | O16: 1 | P16: 0 | Q16: 1 | R16: 2
B17: {=INSTALLATION!A328:Q328} -> 12 | C17: LAPUYAN | D17: 26 | E17: BARANGAYS | F17: LOS | NLOS | G17: 19 | H17: 7 | I17: INSTALLATIONS | J17: 0 | K17: 0 | L17: 1 | M17: 0 | N17: 0 | O17: 1 | P17: 0 | Q17: 0 | R17: 1
B18: {=INSTALLATION!A358:Q358} -> 13 | C18: MAHAYAG | D18: 29 | E18: BARANGAYS | F18: LOS | NLOS | G18: 25 | H18: 4 | I18: INSTALLATIONS | J18: 0 | K18: 14 | L18: 1 | M18: 0 | N18: 0 | O18: 1 | P18: 0 | Q18: 0 | R18: 15
B19: {=INSTALLATION!A376:Q376} -> 14 | C19: MARGOSATUBIG | D19: 17 | E19: BARANGAYS | F19: LOS | NLOS | G19: 13 | H19: 4 | I19: INSTALLATIONS | J19: 0 | K19: 4 | L19: 1 | M19: 0 | N19: 0 | O19: 1 | P19: 0 | Q19: 0 | R19: 4
B20: {=INSTALLATION!A410:Q410} -> 15 | C20: MIDSALIP | D20: 33 | E20: BARANGAYS | F20: LOS | NLOS | G20: 18 | H20: 15 | I20: INSTALLATIONS | J20: 0 | K20: 16 | L20: 1 | M20: 1 | N20: 0 | O20: 1 | P20: 0 | Q20: 1 | R20: 16
B21: {=INSTALLATION!A436:Q436} -> 16 | C21: MOLAVE | D21: 25 | E21: BARANGAYS | F21: LOS | NLOS | G21: 23 | H21: 2 | I21: INSTALLATIONS | J21: 0 | K21: 20 | L21: 2 | M21: 0 | N21: 1 | O21: 3 | P21: 0 | Q21: 1 | R21: 20
B22: {=INSTALLATION!A491:Q491} -> 17 | C22: PAGADIAN | D22: 54 | E22: BARANGAYS | F22: LOS | NLOS | G22: 51 | H22: 3 | I22: INSTALLATIONS | J22: 0 | K22: 49 | L22: 16 | M22: 7 | N22: 1 | O22: 10 | P22: 0 | Q22: 16 | R22: 50
B23: {=INSTALLATION!A507:Q507} -> 18 | C23: PITOGO | D23: 15 | E23: BARANGAYS | F23: LOS | NLOS | G23: 10 | H23: 5 | I23: INSTALLATIONS | J23: 0 | K23: 8 | L23: 2 | M23: 0 | N23: 0 | O23: 2 | P23: 0 | Q23: 1 | R23: 15
B24: {=INSTALLATION!A535:Q535} -> 19 | C24: RAMON MAGSAYSAY | D24: 27 | E24: BARANGAYS | F24: LOS | NLOS | G24: 25 | H24: 2 | I24: INSTALLATIONS | J24: 0 | K24: 18 | L24: 7 | M24: 1 | N24: 0 | O24: 0 | P24: 0 | Q24: 0 | R24: 19
B25: {=INSTALLATION!A554:Q554} -> 20 | C25: SAN MIGUEL | D25: 18 | E25: BARANGAYS | F25: LOS | NLOS | G25: 13 | H25: 5 | I25: INSTALLATIONS | J25: 0 | K25: 11 | L25: 5 | M25: 2 | N25: 0 | O25: 1 | P25: 0 | Q25: 1 | R25: 12
B26: {=INSTALLATION!A583:Q583} -> 21 | C26: SAN PABLO | D26: 28 | E26: BARANGAYS | F26: LOS | NLOS | G26: 17 | H26: 11 | I26: INSTALLATIONS | J26: 0 | K26: 14 | L26: 1 | M26: 0 | N26: 0 | O26: 1 | P26: 0 | Q26: 1 | R26: 14
B27: {=INSTALLATION!A602:Q602} -> 22 | C27: SOMINOT | D27: 18 | E27: BARANGAYS | F27: LOS | NLOS | G27: 16 | H27: 2 | I27: INSTALLATIONS | J27: 0 | K27: 9 | L27: 0 | M27: 0 | N27: 0 | O27: 0 | P27: 0 | Q27: 0 | R27: 9
B28: {=INSTALLATION!A618:Q618} -> 23 | C28: TABINA | D28: 15 | E28: BARANGAYS | F28: LOS | NLOS | G28: 11 | H28: 4 | I28: INSTALLATIONS | J28: 0 | K28: 9 | L28: 3 | M28: 1 | N28: 0 | O28: 5 | P28: 0 | Q28: 4 | R28: 9
B29: {=INSTALLATION!A650:Q650} -> 24 | C29: TAMBULIG | D29: 31 | E29: BARANGAYS | F29: LOS | NLOS | G29: 31 | H29: 0 | I29: INSTALLATIONS | J29: 0 | K29: 21 | L29: 5 | M29: 1 | N29: 0 | O29: 0 | P29: 1 | Q29: 0 | R29: 22
B30: {=INSTALLATION!A669:Q669} -> 25 | C30: TIGBAO | D30: 18 | E30: BARANGAYS | F30: LOS | NLOS | G30: 12 | H30: 6 | I30: INSTALLATIONS | J30: 0 | K30: 8 | L30: 1 | M30: 1 | N30: 0 | O30: 1 | P30: 0 | Q30: 1 | R30: 9
B31: {=INSTALLATION!A695:Q695} -> 26 | C31: TUKURAN | D31: 25 | E31: BARANGAYS | F31: LOS | NLOS | G31: 17 | H31: 8 | I31: INSTALLATIONS | J31: 0 | K31: 6 | L31: 3 | M31: 1 | N31: 0 | O31: 1 | P31: 1 | Q31: 1 | R31: 7
B32: {=INSTALLATION!A710:Q710} -> 27 | C32: VINCENZO SAGON | D32: 14 | E32: BARANGAYS | F32: LOS | NLOS | G32: 8 | H32: 6 | I32: INSTALLATIONS | J32: 0 | K32: 2 | L32: 0 | M32: 0 | N32: 0 | O32: 1 | P32: 0 | Q32: 0 | R32: 2
B33: =COUNTA(B6:B32) -> 27 | C33: TOTALS2 | D33: =SUM(D6:D32) -> 681 | E33: =SUM(E6:E32) -> 0 | F33: =SUM(F6:F32) -> 0 | G33: =SUM(G6:G32) -> 514 | H33: =SUM(H6:H32) -> 167 | K33: =SUM(K6:K32) -> 346 | L33: =SUM(L6:L32) -> 72 | M33: =SUM(M6:M32) -> 33 | N33: =SUM(N6:N32) -> 5 | O33: =SUM(O6:O32) -> 44 | P33: =SUM(P6:P32) -> 5 | Q33: =SUM(Q6:Q32) -> 35 | R33: =SUM(R6:R32) -> 365
B36: 1INSTS:
B38: WIN | C38: : Barangay with WiFi Installation(s) | G38: NHS | H38: : National High Schools (And or Integrated)
B39: LOS | C39: : Line of Sight (Between AP & Stations) | G39: SHS | H39: : Senior High School/Voc. Technical Schoool)
B40: BAP | C40: : Barangay Access Point (Halls, Centers) | G40: REL | H40: : Relay Stations (For priority remote barangay)
B41: ELS | C41: : Elementary Schools (And or Integrated) | G41: ETC | H41: : Other Installations (Purok, Gyms, Checkpoint)
B45: 2RECAP:
C46: Number of Barangays | D46: =D33 -> 681 | K46: Barangay Halls | O46: =K33 -> 346
C47: Barangays with clear-LOS | D47: =G33 -> 514 | K47: Total Public Schools | O47: =SUM(L33:N33) -> 110
C48: Barangays with none-LOS | D48: =H33 -> 167 | K48: Base/Relay Stations | O48: =O33 -> 44
C49: Barangays with Installation | D49: =R33 -> 365 | K49: Border Checkpoints | O49: =P33 -> 5
C50: Brgys without Installations | D50: =D33-R33 -> 316 | K50: Other Public Places | O50: =Q33 -> 35
C51: Brgys for Installations (LOS) | D51: =D47-D49 -> 149 | K51: TOTAL INSTALLATIONS | O51: =SUM(K33:Q33) -> 540
B53: 2NOTES:
C54: 1. Bayog installations pending due to the intended Base Station has not yet been implemented.
C55: 2. Not included the installations in Dao Provincial Complex Pagadian City, with ten (10) active sites.
C56: 3. Barangays identified as non-LOS were subject to non-priority sites due to difficulty in implementation.
B61: Prepared by: | G61: CERTIFIED CORRECT:
B64: JAIME CASTILLON MAATA | L64: JUSTIN AHMED PAOLO C. HERERRA
B65: Network Administrator | L65: CISO Chief / Project Manager
B66: Victory Free WiFi Project | L66: Victory Free WiFi Project
B69: Source:
C70: https://victoryfreewifi.ml/ciso-files/VFW_Report_FEB-2024.xlsx

Sheet INSTALLATION
A1: MUNICIPALITY | C1: BARANGAYS | F1: LINK INFORMATION | J1: INSTALLATIONS
A2: NO | B2: MUN NAME | C2: NO | D2: BRGY NAME | E2: COORDINATES | F2: LOS | H2: BASE STATION | I2: COORDINATES | J2: BAP | K2: ELS | L2: NHS | M2: SHS | N2: REL | O2: CKP | P2: ETC | Q2: MRK | R2: TOT
A3: 1 | B3: AURORA | C3: 1 | D3: Acad | E3: 7.9191, 123.6365 | F3: ✔️ | H3: Dipalutao BS | I3: 7.95464,123.4607 | J3: X | N3: X | Q3: =IF(COUNTA(J3:P3)=0,FALSE,TRUE) -> TRUE | R3: =COUNTA(J3:P3) -> 2
A4: 1 | B4: AURORA | C4: 2 | D4: Alang-Alang | E4: 7.9365, 123.5768 | F4: ✔️ | H4: San Jose BS | I4: 7.9556, 123.5828 | J4: X | Q4: =IF(COUNTA(J4:P4)=0,FALSE,TRUE) -> TRUE | R4: =COUNTA(J4:P4) -> 1
A5: 1 | B5: AURORA | C5: 3 | D5: Alegria | E5: 7.9443, 123.5537 | F5: ✔️ | H5: Dipalutao BS | I5: 7.95464,123.4607 | J5: X | Q5: =IF(COUNTA(J5:P5)=0,FALSE,TRUE) -> TRUE | R5: =COUNTA(J5:P5) -> 1
A6: 1 | B6: AURORA | C6: 4 | D6: Anonang | E6: 7.9407, 123.6245 | F6: ✔️ | H6: Dipalutao BS | I6: 7.95464,123.4607 | J6: X | N6: X | O6: X | Q6: =IF(COUNTA(J6:P6)=0,FALSE,TRUE) -> TRUE | R6: =COUNTA(J6:P6) -> 3
A7: 1 | B7: AURORA | C7: 5 | D7: Bagong Mandaue | E7: 7.9615, 123.5214 | F7: ✔️ | H7: Dipalutao BS | I7: 7.95464,123.4607 | J7: X | Q7: =IF(COUNTA(J7:P7)=0,FALSE,TRUE) -> TRUE | R7: =COUNTA(J7:P7) -> 1
A8: 1 | B8: AURORA | C8: 6 | D8: Bagong Maslog | E8: 7.9315, 123.5819 | F8: ✔️ | H8: San Jose BS | I8: 7.9556, 123.5828 | J8: X | Q8: =IF(COUNTA(J8:P8)=0,FALSE,TRUE) -> TRUE | R8: =COUNTA(J8:P8) -> 1
A9: 1 | B9: AURORA | C9: 7 | D9: Bagong Oslob | E9: 7.8863, 123.6434 | G9: ❌ | H9: San Jose BS | I9: 7.9556, 123.5828 | Q9: =IF(COUNTA(J9:P9)=0,FALSE,TRUE) -> FALSE | R9: =COUNTA(J9:P9) -> 0
A10: 1 | B10: AURORA | C10: 8 | D10: Bagong Pitogo | E10: 7.9298, 123.5752 | F10: ✔️ | H10: Dipalutao BS | I10: 7.95464,123.4607 | J10: X | Q10: =IF(COUNTA(J10:P10)=0,FALSE,TRUE) -> TRUE | R10: =COUNTA(J10:P10) -> 1
A11: 1 | B11: AURORA | C11: 9 | D11: Baki | E11: 7.9571, 123.53150 | F11: ✔️ | H11: Dipalutao BS | I11: 7.95464,123.4607 | J11: X | Q11: =IF(COUNTA(J11:P11)=0,FALSE,TRUE) -> TRUE | R11: =COUNTA(J11:P11) -> 1
A12: 1 | B12: AURORA | C12: 10 | D12: Balas | E12: 7.9776, 123.6345 | F12: ✔️ | H12: Bambong Daku | I12: 8.0328, 123.466 | Q12: =IF(COUNTA(J12:P12)=0,FALSE,TRUE) -> FALSE | R12: =COUNTA(J12:P12) -> 0
A13: 1 | B13: AURORA | C13: 11 | D13: Balide | E13: 7.9351, 123.5983 | F13: ✔️ | H13: San Jose BS | I13: 7.9556, 123.5828 | Q13: =IF(COUNTA(J13:P13)=0,FALSE,TRUE) -> FALSE | R13: =COUNTA(J13:P13) -> 0
A14: 1 | B14: AURORA | C14: 12 | D14: Balintawak | E14: 7.9572, 123.4962 | F14: ✔️ | H14: Dipalutao BS | I14: 7.95464,123.4607 | J14: X | Q14: =IF(COUNTA(J14:P14)=0,FALSE,TRUE) -> TRUE | R14: =COUNTA(J14:P14) -> 1
A15: 1 | B15: AURORA | C15: 13 | D15: Bayabas | E15: 7.9403, 123.6068 | F15: ✔️ | H15: San Jose BS | I15: 7.9556, 123.5828 | Q15: =IF(COUNTA(J15:P15)=0,FALSE,TRUE) -> FALSE | R15: =COUNTA(J15:P15) -> 0
A16: 1 | B16: AURORA | C16: 14 | D16: Bemposa | E16: 7.9348, 123.5527 | F16: ✔️ | H16: Dipalutao BS | I16: 7.95464,123.4607 | J16: X | Q16: =IF(COUNTA(J16:P16)=0,FALSE,TRUE) -> TRUE | R16: =COUNTA(J16:P16) -> 1
A17: 1 | B17: AURORA | C17: 15 | D17: Cabilinan | E17: 7.9306, 123.5886 | F17: ✔️ | H17: Dipalutao BS | I17: 7.95464,123.4607 | Q17: =IF(COUNTA(J17:P17)=0,FALSE,TRUE) -> FALSE | R17: =COUNTA(J17:P17) -> 0
A18: 1 | B18: AURORA | C18: 16 | D18: Campo Uno | E18: 7.9839, 123.5507 | F18: ✔️ | H18: Kapalaran BS | I18: 8.0309, 123.5401 | J18: X | Q18: =IF(COUNTA(J18:P18)=0,FALSE,TRUE) -> TRUE | R18: =COUNTA(J18:P18) -> 1
A19: 1 | B19: AURORA | C19: 17 | D19: Ceboneg | E19: 7.8902, 123.6579 | G19: ❌ | H19: San Jose BS | I19: 7.9556, 123.5828 | Q19: =IF(COUNTA(J19:P19)=0,FALSE,TRUE) -> FALSE | R19: =COUNTA(J19:P19) -> 0
A20: 1 | B20: AURORA | C20: 18 | D20: Commonwealth | E20: 7.9754, 123.5339 | F20: ✔️ | H20: Dipalutao BS | I20: 7.95464,123.4607 | J20: X | K20: X | Q20: =IF(COUNTA(J20:P20)=0,FALSE,TRUE) -> TRUE | R20: =COUNTA(J20:P20) -> 2
A21: 1 | B21: AURORA | C21: 19 | D21: Gubaan | E21: 7.9793, 123.5819 | G21: ❌ | H21: San Jose BS | I21: 7.9556, 123.5828 | Q21: =IF(COUNTA(J21:P21)=0,FALSE,TRUE) -> FALSE | R21: =COUNTA(J21:P21) -> 0
A22: 1 | B22: AURORA | C22: 20 | D22: Inasagan | E22: 7.9749, 123.5595 | F22: ✔️ | H22: Bogo Capalaran | I22: 8.1042, 123.4882 | Q22: =IF(COUNTA(J22:P22)=0,FALSE,TRUE) -> FALSE | R22: =COUNTA(J22:P22) -> 0
A23: 1 | B23: AURORA | C23: 21 | D23: Inroad | E23: 7.9103, 123.6454 | G23: ❌ | H23: San Jose BS | I23: 7.9556, 123.5828 | Q23: =IF(COUNTA(J23:P23)=0,FALSE,TRUE) -> FALSE | R23: =COUNTA(J23:P23) -> 0
A24: 1 | B24: AURORA | C24: 22 | D24: Kahayagan East | E24: 7.9814, 123.5190 | F24: ✔️ | H24: Dipalutao BS | I24: 7.95464,123.4607 | J24: X | Q24: =IF(COUNTA(J24:P24)=0,FALSE,TRUE) -> TRUE | R24: =COUNTA(J24:P24) -> 1
A25: 1 | B25: AURORA | C25: 23 | D25: Kahayagan West | E25: 7.9844, 123.5110 | F25: ✔️ | H25: Dipalutao BS | I25: 7.95464,123.4607 | J25: X | Q25: =IF(COUNTA(J25:P25)=0,FALSE,TRUE) -> TRUE | R25: =COUNTA(J25:P25) -> 1
A26: 1 | B26: AURORA | C26: 24 | D26: Kauswagan | E26: 8.0057, 123.5302 | F26: ✔️ | H26: Kapalaran BS | I26: 8.0309, 123.5401 | J26: X | L26: X | Q26: =IF(COUNTA(J26:P26)=0,FALSE,TRUE) -> TRUE | R26: =COUNTA(J26:P26) -> 2
A27: 1 | B27: AURORA | C27: 25 | D27: La Paz | E27: 7.9564, 123.5962 | G27: ❌ | H27: San Jose BS | I27: 7.9556, 123.5828 | Q27: =IF(COUNTA(J27:P27)=0,FALSE,TRUE) -> FALSE | R27: =COUNTA(J27:P27) -> 0
A28: 1 | B28: AURORA | C28: 26 | D28: La Victoria | E28: 7.9695, 123.5488 | F28: ✔️ | H28: Dipalutao BS | I28: 7.95464,123.4607 | J28: X | Q28: =IF(COUNTA(J28:P28)=0,FALSE,TRUE) -> TRUE | R28: =COUNTA(J28:P28) -> 1
A29: 1 | B29: AURORA | C29: 27 | D29: Lantungan | E29: 7.8986, 123.6308 | F29: ✔️ | H29: Dipalutao BS | I29: 7.95464,123.4607 | Q29: =IF(COUNTA(J29:P29)=0,FALSE,TRUE) -> FALSE | R29: =COUNTA(J29:P29) -> 0
A30: 1 | B30: AURORA | C30: 28 | D30: Libertad | E30: 7.9645, 123.5619 | F30: ✔️ | H30: Dipalutao BS | I30: 7.95464,123.4607 | J30: X | Q30: =IF(COUNTA(J30:P30)=0,FALSE,TRUE) -> TRUE | R30: =COUNTA(J30:P30) -> 1
A31: 1 | B31: AURORA | C31: 29 | D31: Lintugop | E31: 7.9519, 123.6179 | G31: ❌ | H31: San Jose BS | I31: 7.9556, 123.5828 | Q31: =IF(COUNTA(J31:P31)=0,FALSE,TRUE) -> FALSE | R31: =COUNTA(J31:P31) -> 0
A32: 1 | B32: AURORA | C32: 30 | D32: Lubid | E32: 7.9080, 123.6127 | F32: ✔️ | H32: Dipalutao BS | I32: 7.95464,123.4607 | Q32: =IF(COUNTA(J32:P32)=0,FALSE,TRUE) -> FALSE | R32: =COUNTA(J32:P32) -> 0
A33: 1 | B33: AURORA | C33: 31 | D33: Maguikay | E33: 7.9527, 123.5534 | F33: ✔️ | H33: Dipalutao BS | I33: 7.95464,123.4607 | Q33: =IF(COUNTA(J33:P33)=0,FALSE,TRUE) -> FALSE | R33: =COUNTA(J33:P33) -> 0
A34: 1 | B34: AURORA | C34: 32 | D34: Mahayahay | E34: 7.9671, 123.5845 | F34: ✔️ | H34: Kapalaran BS | I34: 8.0309, 123.5401 | J34: X | Q34: =IF(COUNTA(J34:P34)=0,FALSE,TRUE) -> TRUE | R34: =COUNTA(J34:P34) -> 1
A35: 1 | B35: AURORA | C35: 33 | D35: Monte Alegre | E35: 7.9889, 123.4986 | F35: ✔️ | H35: Dipalutao BS | I35: 7.95464,123.4607 | J35: X | L35: X | Q35: =IF(COUNTA(J35:P35)=0,FALSE,TRUE) -> TRUE | R35: =COUNTA(J35:P35) -> 2
A36: 1 | B36: AURORA | C36: 34 | D36: Montela | E36: 7.9726, 123.4914 | F36: ✔️ | H36: Dipalutao BS | I36: 7.95464,123.4607 | J36: X | K36: X | Q36: =IF(COUNTA(J36:P36)=0,FALSE,TRUE) -> TRUE | R36: =COUNTA(J36:P36) -> 2
A37: 1 | B37: AURORA | C37: 35 | D37: Napo | E37: 7.9174, 123.6496 | F37: ✔️ | H37: Dipalutao BS | I37: 7.95464,123.4607 | Q37: =IF(COUNTA(J37:P37)=0,FALSE,TRUE) -> FALSE | R37: =COUNTA(J37:P37) -> 0
A38: 1 | B38: AURORA | C38: 36 | D38: Panaghiusa | E38: 7.9621, 123.5315 | F38: ✔️ | H38: Dipalutao BS | I38: 7.95464,123.4607 | Q38: =IF(COUNTA(J38:P38)=0,FALSE,TRUE) -> FALSE | R38: =COUNTA(J38:P38) -> 0
A39: 1 | B39: AURORA | C39: 37 | D39: Poblacion | E39: 7.9486, 123.5842 | F39: ✔️ | H39: San Jose BS | I39: 7.9556, 123.5828 | J39: X | Q39: =IF(COUNTA(J39:P39)=0,FALSE,TRUE) -> TRUE | R39: =COUNTA(J39:P39) -> 1
A40: 1 | B40: AURORA | C40: 38 | D40: Resthouse | E40: 7.9019, 123.6516 | F40: ✔️ | H40: Dipalutao BS | I40: 7.95464,123.4607 | Q40: =IF(COUNTA(J40:P40)=0,FALSE,TRUE) -> FALSE | R40: =COUNTA(J40:P40) -> 0
A41: 1 | B41: AURORA | C41: 39 | D41: Romarate | E41: 7.9515, 123.5976 | F41: ✔️ | H41: Dipalutao BS | I41: 7.95464,123.4607 | J41: X | Q41: =IF(COUNTA(J41:P41)=0,FALSE,TRUE) -> TRUE | R41: =COUNTA(J41:P41) -> 1
A42: 1 | B42: AURORA | C42: 40 | D42: San Jose | E42: 7.9556, 123.5828 | F42: ✔️ | H42: Dipalutao BS | I42: 7.95464,123.4607 | J42: X | N42: X | Q42: =IF(COUNTA(J42:P42)=0,FALSE,TRUE) -> TRUE | R42: =COUNTA(J42:P42) -> 2
A43: 1 | B43: AURORA | C43: 41 | D43: San Juan | E43: 7.9504, 123.5422 | F43: ✔️ | H43: Dipalutao BS | I43: 7.95464,123.4607 | J43: X | Q43: =IF(COUNTA(J43:P43)=0,FALSE,TRUE) -> TRUE | R43: =COUNTA(J43:P43) -> 1
A44: 1 | B44: AURORA | C44: 42 | D44: Sapa Loboc | E44: 7.9938, 123.5418 | F44: ✔️ | H44: Kapalaran BS | I44: 8.0309, 123.5401 | J44: X | Q44: =IF(COUNTA(J44:P44)=0,FALSE,TRUE) -> TRUE | R44: =COUNTA(J44:P44) -> 1
A45: 1 | B45: AURORA | C45: 43 | D45: Tagulalo | E45: 7.9727, 123.5938 | F45: ✔️ | H45: Kapalaran BS | I45: 8.0309, 123.5401 | Q45: =IF(COUNTA(J45:P45)=0,FALSE,TRUE) -> FALSE | R45: =COUNTA(J45:P45) -> 0
A46: 1 | B46: AURORA | C46: 44 | D46: Waterfall | E46: 7.9391, 123.5661 | G46: ❌ | H46: San Jose BS | I46: 7.9556, 123.5828 | Q46: =IF(COUNTA(J46:P46)=0,FALSE,TRUE) -> FALSE | R46: =COUNTA(J46:P46) -> 0
A47: =A46 -> 1 | B47: =B46 -> AURORA | C47: =COUNTA(C3:C46) -> 44 | D47: BARANGAYS | E47: LOS | NLOS | F47: =COUNTA(F3:F46) -> 37 | G47: =COUNTA(G3:G46) -> 7 | H47: INSTALLATIONS | J47: =COUNTA(J3:J46) -> 25 | K47: =COUNTA(K3:K46) -> 2 | L47: =COUNTA(L3:L46) -> 2 | M47: =COUNTA(M3:M46) -> 0 | N47: =COUNTA(N3:N46) -> 3 | O47: =COUNTA(O3:O46) -> 1 | P47: =COUNTA(P3:P46) -> 0 | Q47: =COUNTIF(Q3:Q46,TRUE) -> 25 | R47: =SUM(J47:P47) -> 33
A48: 2 | B48: BAYOG | C48: 1 | D48: Baking | G48: ❌ | Q48: =IF(COUNTA(J48:P48)=0,FALSE,TRUE) -> FALSE | R48: =COUNTA(J48:P48) -> 0
A49: 2 | B49: BAYOG | C49: 2 | D49: Balukbahan | G49: ❌ | Q49: =IF(COUNTA(J49:P49)=0,FALSE,TRUE) -> FALSE | R49: =COUNTA(J49:P49) -> 0
A50: 2 | B50: BAYOG | C50: 3 | D50: Balumbunan | G50: ❌ | Q50: =IF(COUNTA(J50:P50)=0,FALSE,TRUE) -> FALSE | R50: =COUNTA(J50:P50) -> 0
A51: 2 | B51: BAYOG | C51: 4 | D51: Bantal | G51: ❌ | Q51: =IF(COUNTA(J51:P51)=0,FALSE,TRUE) -> FALSE | R51: =COUNTA(J51:P51) -> 0
A52: 2 | B52: BAYOG | C52: 5 | D52: Bobuan | G52: ❌ | Q52: =IF(COUNTA(J52:P52)=0,FALSE,TRUE) -> FALSE | R52: =COUNTA(J52:P52) -> 0
A53: 2 | B53: BAYOG | C53: 6 | D53: Camp Blessing | G53: ❌ | Q53: =IF(COUNTA(J53:P53)=0,FALSE,TRUE) -> FALSE | R53: =COUNTA(J53:P53) -> 0
A54: 2 | B54: BAYOG | C54: 7 | D54: Canoayan | G54: ❌ | Q54: =IF(COUNTA(J54:P54)=0,FALSE,TRUE) -> FALSE | R54: =COUNTA(J54:P54) -> 0
A55: 2 | B55: BAYOG | C55: 8 | D55: Conacon | G55: ❌ | Q55: =IF(COUNTA(J55:P55)=0,FALSE,TRUE) -> FALSE | R55: =COUNTA(J55:P55) -> 0
A56: 2 | B56: BAYOG | C56: 9 | D56: Dagum | G56: ❌ | Q56: =IF(COUNTA(J56:P56)=0,FALSE,TRUE) -> FALSE | R56: =COUNTA(J56:P56) -> 0
A57: 2 | B57: BAYOG | C57: 10 | D57: Damit | G57: ❌ | Q57: =IF(COUNTA(J57:P57)=0,FALSE,TRUE) -> FALSE | R57: =COUNTA(J57:P57) -> 0
A58: 2 | B58: BAYOG | C58: 11 | D58: Datagan | G58: ❌ | Q58: =IF(COUNTA(J58:P58)=0,FALSE,TRUE) -> FALSE | R58: =COUNTA(J58:P58) -> 0
A59: 2 | B59: BAYOG | C59: 12 | D59: Depase | G59: ❌ | Q59: =IF(COUNTA(J59:P59)=0,FALSE,TRUE) -> FALSE | R59: =COUNTA(J59:P59) -> 0
... A75: 2 | B75: BAYOG | C75: 28 | D75: Supon | G75: ❌ | Q75: =IF(COUNTA(J75:P75)=0,FALSE,TRUE) -> FALSE | R75: =COUNTA(J75:P75) -> 0
A76: =A75 -> 2 | B76: =B75 -> BAYOG | C76: =COUNTA(C48:C75) -> 28 | D76: BARANGAYS | E76: LOS | NLOS | F76: =COUNTA(F48:F75) -> 0 | G76: =COUNTA(G48:G75) -> 28 | H76: INSTALLATIONS | J76: =COUNTA(J48:J75) -> 0 | K76: =COUNTA(K48:K75) -> 0 | L76: =COUNTA(L48:L75) -> 0 | M76: =COUNTA(M48:M75) -> 0 | N76: =COUNTA(N48:N75) -> 0 | O76: =COUNTA(O48:O75) -> 0 | P76: =COUNTA(P48:P75) -> 0 | Q76: =COUNTIF(Q48:Q75,TRUE) -> 0 | R76: =SUM(J76:P76) -> 0
A77: 3 | B77: DIMATALING | C77: 1 | D77: Bacayawan | E77: 7.5321, 123.3765 | F77: ✔️ | H77: Dupongan BS | I77: 7.6362, 123.3236 | Q77: =IF(COUNTA(J77:P77)=0,FALSE,TRUE) -> FALSE | R77: =COUNTA(J77:P77) -> 0
A78: 3 | B78: DIMATALING | C78: 2 | D78: Baha | E78: 7.5833, 123.2814 | F78: ✔️ | H78: Kapamanok BS | I78: 7.6774, 123.4169 | Q78: =IF(COUNTA(J78:P78)=0,FALSE,TRUE) -> FALSE | R78: =COUNTA(J78:P78) -> 0
A79: 3 | B79: DIMATALING | C79: 3 | D79: Balanagan | E79: 7.4833, 123.3528 | F79: ✔️ | H79: Kagawasan BS | I79: 7.5000, 123.3434 | Q79: =IF(COUNTA(J79:P79)=0,FALSE,TRUE) -> FALSE | R79: =COUNTA(J79:P79) -> 0
A80: 3 | B80: DIMATALING | C80: 4 | D80: Baluno | E80: 7.5705, 123.2816 | F80: ✔️ | H80: Kapamanok BS | I80: 7.6774, 123.4169 | J80: X | Q80: =IF(COUNTA(J80:P80)=0,FALSE,TRUE) -> TRUE | R80: =COUNTA(J80:P80) -> 1
A81: 3 | B81: DIMATALING | C81: 5 | D81: Binuay | E81: 7.5802, 123.2611 | F81: ✔️ | H81: Kapamanok BS | I81: 7.6774, 123.4169 | J81: X | Q81: =IF(COUNTA(J81:P81)=0,FALSE,TRUE) -> TRUE | R81: =COUNTA(J81:P81) -> 1
A82: 3 | B82: DIMATALING | C82: 6 | D82: Buburay | E82: 7.4973, 123.3656 | F82: ✔️ | H82: Kagawasan BS | I82: 7.5000, 123.3434 | J82: X | Q82: =IF(COUNTA(J82:P82)=0,FALSE,TRUE) -> TRUE | R82: =COUNTA(J82:P82) -> 1
A83: 3 | B83: DIMATALING | C83: 7 | D83: Grap | E83: 7.5377, 123.2455 | G83: ❌ | H83: Balong-Balong BS | I83: 7.5121, 123.2962 | Q83: =IF(COUNTA(J83:P83)=0,FALSE,TRUE) -> FALSE | R83: =COUNTA(J83:P83) -> 0
A84: 3 | B84: DIMATALING | C84: 8 | D84: Josefina | E84: 7.5583, 123.2480 | F84: ✔️ | H84: Capisan BS | I84: 7.4225, 123.3849 | J84: X | N84: X | Q84: =IF(COUNTA(J84:P84)=0,FALSE,TRUE) -> TRUE | R84: =COUNTA(J84:P84) -> 2
A85: 3 | B85: DIMATALING | C85: 9 | D85: Kagawasan | E85: 7.5000, 123.3434 | F85: ✔️ | H85: Kapamanok BS | I85: 7.6774, 123.4169 | J85: X | N85: X | Q85: =IF(COUNTA(J85:P85)=0,FALSE,TRUE) -> TRUE | R85: =COUNTA(J85:P85) -> 2
A86: 3 | B86: DIMATALING | C86: 10 | D86: Lalab | E86: 7.5548, 123.2794 | F86: ✔️ | H86: Libertad BS | I86: 7.5471, 123.3020 | Q86: =IF(COUNTA(J86:P86)=0,FALSE,TRUE) -> FALSE | R86: =COUNTA(J86:P86) -> 0
A87: 3 | B87: DIMATALING | C87: 11 | D87: Libertad | E87: 7.5471, 123.3020 | F87: ✔️ | H87: Kapamanok BS | I87: 7.6774, 123.4169 | J87: X | L87: X | N87: X | Q87: =IF(COUNTA(J87:P87)=0,FALSE,TRUE) -> TRUE | R87: =COUNTA(J87:P87) -> 3
A88: 3 | B88: DIMATALING | C88: 12 | D88: Magahis | E88: 7.5905, 123.2622 | F88: ✔️ | H88: Magahis, Margos | I88: 7.6032, 123.2625 | J88: X | Q88: =IF(COUNTA(J88:P88)=0,FALSE,TRUE) -> TRUE | R88: =COUNTA(J88:P88) -> 1
A89: 3 | B89: DIMATALING | C89: 13 | D89: Mahayag | E89: 7.5523, 123.3256 | F89: ✔️ | H89: Dupongan BS | I89: 7.6362, 123.3236 | Q89: =IF(COUNTA(J89:P89)=0,FALSE,TRUE) -> FALSE | R89: =COUNTA(J89:P89) -> 0
A90: 3 | B90: DIMATALING | C90: 14 | D90: Mercedes | E90: 7.5698, 123.3005 | F90: ✔️ | H90: Dupongan BS | I90: 7.6362, 123.3236 | Q90: =IF(COUNTA(J90:P90)=0,FALSE,TRUE) -> FALSE | R90: =COUNTA(J90:P90) -> 0
A91: 3 | B91: DIMATALING | C91: 15 | D91: Poblacion | E91: 7.5292, 123.3662 | F91: ✔️ | H91: Kagawasan BS | I91: 7.5000, 123.3434 | J91: X | Q91: =IF(COUNTA(J91:P91)=0,FALSE,TRUE) -> TRUE | R91: =COUNTA(J91:P91) -> 1
A92: 3 | B92: DIMATALING | C92: 16 | D92: Saloagan | E92: 7.5367, 123.2616 | F92: ✔️ | H92: Balong-Balong BS | I92: 7.5121, 123.2962 | J92: X | Q92: =IF(COUNTA(J92:P92)=0,FALSE,TRUE) -> TRUE | R92: =COUNTA(J92:P92) -> 1
A93: 3 | B93: DIMATALING | C93: 17 | D93: San Roque | E93: 7.5505, 123.2729 | F93: ✔️ | H93: Balong-Balong BS | I93: 7.5121, 123.2962 | Q93: =IF(COUNTA(J93:P93)=0,FALSE,TRUE) -> FALSE | R93: =COUNTA(J93:P93) -> 0
A94: 3 | B94: DIMATALING | C94: 18 | D94: Sugbay Uno | E94: 7.5081, 123.3267 | F94: ✔️ | H94: Kagawasan BS | I94: 7.5000, 123.3434 | J94: X | Q94: =IF(COUNTA(J94:P94)=0,FALSE,TRUE) -> TRUE | R94: =COUNTA(J94:P94) -> 1
A95: 3 | B95: DIMATALING | C95: 19 | D95: Sumbato | E95: 7.5312, 123.3113 | F95: ✔️ | H95: Balong-Balong BS | I95: 7.5121, 123.2962 | Q95: =IF(COUNTA(J95:P95)=0,FALSE,TRUE) -> FALSE | R95: =COUNTA(J95:P95) -> 0
A96: 3 | B96: DIMATALING | C96: 20 | D96: Sumpot | E96: 7.4819, 123.3830 | F96: ✔️ | H96: Dupongan BS | I96: 7.6362, 123.3236 | J96: X | K96: X | Q96: =IF(COUNTA(J96:P96)=0,FALSE,TRUE) -> TRUE | R96: =COUNTA(J96:P96) -> 2
A97: 3 | B97: DIMATALING | C97: 21 | D97: Tinggabulong | E97: 7.4651, 123.3618 | F97: ✔️ | H97: Capisan BS | I97: 7.4225, 123.3849 | J97: X | Q97: =IF(COUNTA(J97:P97)=0,FALSE,TRUE) -> TRUE | R97: =COUNTA(J97:P97) -> 1
A98: 3 | B98: DIMATALING | C98: 22 | D98: Tiniguangan | E98: 7.5323, 123.3315 | F98: ✔️ | H98: Balong-Balong BS | I98: 7.5121, 123.2962 | Q98: =IF(COUNTA(J98:P98)=0,FALSE,TRUE) -> FALSE | R98: =COUNTA(J98:P98) -> 0
A99: 3 | B99: DIMATALING | C99: 23 | D99: Tipangi | E99: 7.5330, 123.2923 | F99: ✔️ | H99: Balong-Balong BS | I99: 7.5121, 123.2962 | Q99: =IF(COUNTA(J99:P99)=0,FALSE,TRUE) -> FALSE | R99: =COUNTA(J99:P99) -> 0
A100: 3 | B100: DIMATALING | C100: 24 | D100: Upper Ludiong | E100: 7.5487, 123.3080 | F100: ✔️ | H100: Libertad BS | I100: 7.5471, 123.3020 | Q100: =IF(COUNTA(J100:P100)=0,FALSE,TRUE) -> FALSE | R100: =COUNTA(J100:P100) -> 0
A101: =A100 -> 3 | B101: =B100 -> DIMATALING | C101: =COUNTA(C77:C100) -> 24 | D101: BARANGAYS | E101: LOS | NLOS | F101: =COUNTA(F77:F100) -> 23 | G101: =COUNTA(G77:G100) -> 1 | H101: INSTALLATIONS | J101: =COUNTA(J77:J100) -> 12 | K101: =COUNTA(K77:K100) -> 1 | L101: =COUNTA(L77:L100) -> 1 | M101: =COUNTA(M77:M100) -> 0 | N101: =COUNTA(N77:N100) -> 3 | O101: =COUNTA(O77:O100) -> 0 | P101: =COUNTA(P77:P100) -> 0 | Q101: =COUNTIF(Q77:Q100,TRUE) -> 12 | R101: =SUM(J101:P101) -> 17
A102: 4 | B102: DINAS | C102: 1 | D102: Bacawan | E102: 7.6077, 123.3100 | F102: ✔️ | H102: Kapamanok BS | I102: 7.6774, 123.4169 | Q102: =IF(COUNTA(J102:P102)=0,FALSE,TRUE) -> FALSE | R102: =COUNTA(J102:P102) -> 0
A103: 4 | B103: DINAS | C103: 2 | D103: Benuatan | E103: 7.6130, 123.3424 | F103: ✔️ | H103: Kapamanok BS | I103: 7.6774, 123.4169 | J103: X | K103: X | Q103: =IF(COUNTA(J103:P103)=0,FALSE,TRUE) -> TRUE | R103: =COUNTA(J103:P103) -> 2
A104: 4 | B104: DINAS | C104: 3 | D104: Beray | E104: 7.6369, 123.2830 | F104: ✔️ | H104: Dupongan BS | I104: 7.6362, 123.3236 | J104: X | Q104: =IF(COUNTA(J104:P104)=0,FALSE,TRUE) -> TRUE | R104: =COUNTA(J104:P104) -> 1
A105: 4 | B105: DINAS | C105: 4 | D105: Don Jose | E105: 7.6177, 123.33710 | F105: ✔️ | H105: Kapamanok BS | I105: 7.6774, 123.4169 | J105: X | K105: X | L105: X | Q105: =IF(COUNTA(J105:P105)=0,FALSE,TRUE) -> TRUE | R105: =COUNTA(J105:P105) -> 3
A106: 4 | B106: DINAS | C106: 5 | D106: Dongos | E106: 7.6657, 123.3585 | F106: ✔️ | H106: Dupongan BS | I106: 7.6362, 123.3236 | J106: X | Q106: =IF(COUNTA(J106:P106)=0,FALSE,TRUE) -> TRUE | R106: =COUNTA(J106:P106) -> 1
A107: 4 | B107: DINAS | C107: 6 | D107: East Migpulao | E107: 7.6290, 123.3551 | F107: ✔️ | H107: Dupongan BS | I107: 7.6362, 123.3236 | J107: X | Q107: =IF(COUNTA(J107:P107)=0,FALSE,TRUE) -> TRUE | R107: =COUNTA(J107:P107) -> 1
A108: 4 | B108: DINAS | C108: 7 | D108: Guinicolalay | E108: 7.6446, 123.3787 | F108: ✔️ | H108: Dupongan BS | I108: 7.6362, 123.3236 | Q108: =IF(COUNTA(J108:P108)=0,FALSE,TRUE) -> FALSE | R108: =COUNTA(J108:P108) -> 0
A109: 4 | B109: DINAS | C109: 8 | D109: Ignacio Garrata | E109: 7.6604, 123.3190 | F109: ✔️ | H109: Dupongan BS | I109: 7.6362, 123.3236 | J109: X | K109: X | L109: X | M109: X | P109: X | Q109: =IF(COUNTA(J109:P109)=0,FALSE,TRUE) -> TRUE | R109: =COUNTA(J109:P109) -> 5
A110: 4 | B110: DINAS | C110: 9 | D110: Kinakap | E110: 7.6172, 123.2880 | F110: ✔️ | H110: Dupongan BS | I110: 7.6362, 123.3236 | Q110: =IF(COUNTA(J110:P110)=0,FALSE,TRUE) -> FALSE | R110: =COUNTA(J110:P110) -> 0
A111: 4 | B111: DINAS | C111: 10 | D111: Legarda 1 | E111: 7.6325, 123.3038 | F111: ✔️ | H111: Dupongan BS | I111: 7.6362, 123.3236 | J111: X | K111: X | Q111: =IF(COUNTA(J111:P111)=0,FALSE,TRUE) -> TRUE | R111: =COUNTA(J111:P111) -> 2
A112: 4 | B112: DINAS | C112: 11 | D112: Legarda 2 | E112: 7.6444, 123.2987 | F112: ✔️ | H112: Dupongan BS | I112: 7.6362, 123.3236 | J112: X | L112: X | N112: X | Q112: =IF(COUNTA(J112:P112)=0,FALSE,TRUE) -> TRUE | R112: =COUNTA(J112:P112) -> 3
A113: 4 | B113: DINAS | C113: 12 | D113: Legarda 3 | E113: 7.6517, 123.3079 | F113: ✔️ | H113: Dupongan BS | I113: 7.6362, 123.3236 | J113: X | Q113: =IF(COUNTA(J113:P113)=0,FALSE,TRUE) -> TRUE | R113: =COUNTA(J113:P113) -> 1
A114: 4 | B114: DINAS | C114: 13 | D114: Lower Dimaya | E114: 7.6115, 123.32419 | F114: ✔️ | H114: Kapamanok BS | I114: 7.6774, 123.4169 | J114: X | K114: X | Q114: =IF(COUNTA(J114:P114)=0,FALSE,TRUE) -> TRUE | R114: =COUNTA(J114:P114) -> 2
A115: 4 | B115: DINAS | C115: 14 | D115: Locuban | E115: 7.5624, 123.3355 | F115: ✔️ | H115: Kapamanok BS | I115: 7.6774, 123.4169 | Q115: =IF(COUNTA(J115:P115)=0,FALSE,TRUE) -> FALSE | R115: =COUNTA(J115:P115) -> 0
...

Sheet LINE OF SIGHT
A1: MUNICIPALITY | C1: BARANGAYS | F1: LINK INFORMATION | J1: INSTALLATIONS
A2: NO | B2: MUN NAME | C2: NO | D2: BRGY NAME | E2: COORDINATES | F2: LOS | H2: BASE STATION | I2: COORDINATES | J2: BAP | K2: ELS | L2: NHS | M2: SHS | N2: REL | O2: ETC | P2: MRK
A3: 1 | B3: ARORA | C3: 1 | D3: Acad | E3: 7.9191, 123.6365 | F3: ✔️ | H3: Dipalutao BS | I3: 7.95464,123.4607 | J3: X | N3: X | P3: =IF(COUNTA(J3:O3)=0,FALSE,TRUE) -> TRUE
A4: 1 | B4: ARORA | C4: 2 | D4: Alang-Alang | E4: 7.9365, 123.5768 | F4: ✔️ | H4: San Jose BS | I4: 7.9556, 123.5828 | P4: =IF(COUNTA(J4:O4)=0,FALSE,TRUE) -> FALSE
A5: 1 | B5: ARORA | C5: 3 | D5: Alegria | E5: 7.9443, 123.5537 | F5: ✔️ | H5: Dipalutao BS | I5: 7.95464,123.4607 | J5: X | P5: =IF(COUNTA(J5:O5)=0,FALSE,TRUE) -> TRUE
A6: 1 | B6: ARORA | C6: 4 | D6: Anonang | E6: 7.9407, 123.6245 | F6: ✔️ | H6: Dipalutao BS | I6: 7.95464,123.4607 | J6: X | N6: X | P6: =IF(COUNTA(J6:O6)=0,FALSE,TRUE) -> TRUE
A7: 1 | B7: ARORA | C7: 5 | D7: Bagong Mandaue | E7: 7.9615, 123.5214 | F7: ✔️ | H7: Dipalutao BS | I7: 7.95464,123.4607 | J7: X | P7: =IF(COUNTA(J7:O7)=0,FALSE,TRUE) -> TRUE
A8: 1 | B8: ARORA | C8: 6 | D8: Bagong Maslog | E8: 7.9315, 123.5819 | F8: ✔️ | H8: San Jose BS | I8: 7.9556, 123.5828 | J8: X | P8: =IF(COUNTA(J8:O8)=0,FALSE,TRUE) -> TRUE
A9: 1 | B9: ARORA | C9: 7 | D9: Bagong Oslob | E9: 7.8863, 123.6434 | G9: ❌ | H9: San Jose BS | I9: 7.9556, 123.5828 | P9: =IF(COUNTA(J9:O9)=0,FALSE,TRUE) -> FALSE
A10: 1 | B10: ARORA | C10: 8 | D10: Bagong Pitogo | E10: 7.9298, 123.5752 | F10: ✔️ | H10: Dipalutao BS | I10: 7.95464,123.4607 | J10: X | P10: =IF(COUNTA(J10:O10)=0,FALSE,TRUE) -> TRUE
A11: 1 | B11: ARORA | C11: 9 | D11: Baki | E11: 7.9571, 123.53150 | F11: ✔️ | H11: Dipalutao BS | I11: 7.95464,123.4607 | J11: X | P11: =IF(COUNTA(J11:O11)=0,FALSE,TRUE) -> TRUE
A12: 1 | B12: ARORA | C12: 10 | D12: Balas | E12: 7.9776, 123.6345 | F12: ✔️ | H12: Bambong Daku | I12: 8.0328, 123.466 | P12: =IF(COUNTA(J12:O12)=0,FALSE,TRUE) -> FALSE
A13: 1 | B13: ARORA | C13: 11 | D13: Balide | E13: 7.9351, 123.5983 | F13: ✔️ | H13: San Jose BS | I13: 7.9556, 123.5828 | P13: =IF(COUNTA(J13:O13)=0,FALSE,TRUE) -> FALSE
A14: 1 | B14: ARORA | C14: 12 | D14: Balintawak | E14: 7.9572, 123.4962 | F14: ✔️ | H14: Dipalutao BS | I14: 7.95464,123.4607 | J14: X | P14: =IF(COUNTA(J14:O14)=0,FALSE,TRUE) -> TRUE
A15: 1 | B15: ARORA | C15: 13 | D15: Bayabas | E15: 7.9403, 123.6068 | F15: ✔️ | H15: San Jose BS | I15: 7.9556, 123.5828 | P15: =IF(COUNTA(J15:O15)=0,FALSE,TRUE) -> FALSE
A16: 1 | B16: ARORA | C16: 14 | D16: Bemposa | E16: 7.9348, 123.5527 | F16: ✔️ | H16: Dipalutao BS | I16: 7.95464,123.4607 | J16: X | P16: =IF(COUNTA(J16:O16)=0,FALSE,TRUE) -> TRUE
A17: 1 | B17: ARORA | C17: 15 | D17: Cabilinan | E17: 7.9306, 123.5886 | F17: ✔️ | H17: Dipalutao BS | I17: 7.95464,123.4607 | P17: =IF(COUNTA(J17:O17)=0,FALSE,TRUE) -> FALSE
A18: 1 | B18: ARORA | C18: 16 | D18: Campo Uno | E18: 7.9839, 123.5507 | F18: ✔️ | H18: Kapalaran BS | I18: 8.0309, 123.5401 | J18: X | P18: =IF(COUNTA(J18:O18)=0,FALSE,TRUE) -> TRUE
A19: 1 | B19: ARORA | C19: 17 | D19: Ceboneg | E19: 7.8902, 123.6579 | G19: ❌ | H19: San Jose BS | I19: 7.9556, 123.5828 | P19: =IF(COUNTA(J19:O19)=0,FALSE,TRUE) -> FALSE
A20: 1 | B20: ARORA | C20: 18 | D20: Commonwealth | E20: 7.9754, 123.5339 | F20: ✔️ | H20: Dipalutao BS | I20: 7.95464,123.4607 | J20: X | K20: X | P20: =IF(COUNTA(J20:O20)=0,FALSE,TRUE) -> TRUE
A21: 1 | B21: ARORA | C21: 19 | D21: Gubaan | E21: 7.9793, 123.5819 | G21: ❌ | H21: San Jose BS | I21: 7.9556, 123.5828 | P21: =IF(COUNTA(J21:O21)=0,FALSE,TRUE) -> FALSE
A22: 1 | B22: ARORA | C22: 20 | D22: Inasagan | E22: 7.9749, 123.5595 | F22: ✔️ | H22: Bogo Capalaran | I22: 8.1042, 123.4882 | P22: =IF(COUNTA(J22:O22)=0,FALSE,TRUE) -> FALSE
A23: 1 | B23: ARORA | C23: 21 | D23: Inroad | E23: 7.9103, 123.6454 | G23: ❌ | H23: San Jose BS | I23: 7.9556, 123.5828 | P23: =IF(COUNTA(J23:O23)=0,FALSE,TRUE) -> FALSE
A24: 1 | B24: ARORA | C24: 22 | D24: Kahayagan East | E24: 7.9814, 123.5190 | F24: ✔️ | H24: Dipalutao BS | I24: 7.95464,123.4607 | J24: X | P24: =IF(COUNTA(J24:O24)=0,FALSE,TRUE) -> TRUE
A25: 1 | B25: ARORA | C25: 23 | D25: Kahayagan West | E25: 7.9844, 123.5110 | F25: ✔️ | H25: Dipalutao BS | I25: 7.95464,123.4607 | J25: X | P25: =IF(COUNTA(J25:O25)=0,FALSE,TRUE) -> TRUE
A26: 1 | B26: ARORA | C26: 24 | D26: Kauswagan | E26: 8.0057, 123.5302 | F26: ✔️ | H26: Kapalaran BS | I26: 8.0309, 123.5401 | J26: X | L26: X | P26: =IF(COUNTA(J26:O26)=0,FALSE,TRUE) -> TRUE
A27: 1 | B27: ARORA | C27: 25 | D27: La Paz | E27: 7.9564, 123.5962 | G27: ❌ | H27: San Jose BS | I27: 7.9556, 123.5828 | P27: =IF(COUNTA(J27:O27)=0,FALSE,TRUE) -> FALSE
A28: 1 | B28: ARORA | C28: 26 | D28: La Victoria | E28: 7.9695, 123.5488 | F28: ✔️ | H28: Dipalutao BS | I28: 7.95464,123.4607 | J28: X | P28: =IF(COUNTA(J28:O28)=0,FALSE,TRUE) -> TRUE
A29: 1 | B29: ARORA | C29: 27 | D29: Lantungan | E29: 7.8986, 123.6308 | F29: ✔️ | H29: Dipalutao BS | I29: 7.95464,123.4607 | P29: =IF(COUNTA(J29:O29)=0,FALSE,TRUE) -> FALSE
A30: 1 | B30: ARORA | C30: 28 | D30: Libertad | E30: 7.9645, 123.5619 | F30: ✔️ | H30: Dipalutao BS | I30: 7.95464,123.4607 | J30: X | P30: =IF(COUNTA(J30:O30)=0,FALSE,TRUE) -> TRUE
A31: 1 | B31: ARORA | C31: 29 | D31: Lintugop | E31: 7.9519, 123.6179 | G31: ❌ | H31: San Jose BS | I31: 7.9556, 123.5828 | P31: =IF(COUNTA(J31:O31)=0,FALSE,TRUE) -> FALSE
A32: 1 | B32: ARORA | C32: 30 | D32: Lubid | E32: 7.9080, 123.6127 | F32: ✔️ | H32: Dipalutao BS | I32: 7.95464,123.4607 | P32: =IF(COUNTA(J32:O32)=0,FALSE,TRUE) -> FALSE
A33: 1 | B33: ARORA | C33: 31 | D33: Maguikay | E33: 7.9527, 123.5534 | F33: ✔️ | H33: Dipalutao BS | I33: 7.95464,123.4607 | P33: =IF(COUNTA(J33:O33)=0,FALSE,TRUE) -> FALSE
A34: 1 | B34: ARORA | C34: 32 | D34: Mahayahay | E34: 7.9671, 123.5845 | F34: ✔️ | H34: Kapalaran BS | I34: 8.0309, 123.5401 | J34: X | P34: =IF(COUNTA(J34:O34)=0,FALSE,TRUE) -> TRUE
A35: 1 | B35: ARORA | C35: 33 | D35: Monte Alegre | E35: 7.9889, 123.4986 | F35: ✔️ | H35: Dipalutao BS | I35: 7.95464,123.4607 | J35: X | L35: X | P35: =IF(COUNTA(J35:O35)=0,FALSE,TRUE) -> TRUE
A36: 1 | B36: ARORA | C36: 34 | D36: Montela | E36: 7.9726, 123.4914 | F36: ✔️ | H36: Dipalutao BS | I36: 7.95464,123.4607 | J36: X | K36: X | P36: =IF(COUNTA(J36:O36)=0,FALSE,TRUE) -> TRUE
A37: 1 | B37: ARORA | C37: 35 | D37: Napo | E37: 7.9174, 123.6496 | F37: ✔️ | H37: Dipalutao BS | I37: 7.95464,123.4607 | P37: =IF(COUNTA(J37:O37)=0,FALSE,TRUE) -> FALSE
A38: 1 | B38: ARORA | C38: 36 | D38: Panaghiusa | E38: 7.9621, 123.5315 | F38: ✔️ | H38: Dipalutao BS | I38: 7.95464,123.4607 | P38: =IF(COUNTA(J38:O38)=0,FALSE,TRUE) -> FALSE
A39: 1 | B39: ARORA | C39: 37 | D39: Poblacion | E39: 7.9486, 123.5842 | F39: ✔️ | H39: San Jose BS | I39: 7.9556, 123.5828 | J39: X | P39: =IF(COUNTA(J39:O39)=0,FALSE,TRUE) -> TRUE
A40: 1 | B40: ARORA | C40: 38 | D40: Resthouse | E40: 7.9019, 123.6516 | F40: ✔️ | H40: Dipalutao BS | I40: 7.95464,123.4607 | P40: =IF(COUNTA(J40:O40)=0,FALSE,TRUE) -> FALSE
A41: 1 | B41: ARORA | C41: 39 | D41: Romarate | E41: 7.9515, 123.5976 | F41: ✔️ | H41: Dipalutao BS | I41: 7.95464,123.4607 | J41: X | P41: =IF(COUNTA(J41:O41)=0,FALSE,TRUE) -> TRUE
A42: 1 | B42: ARORA | C42: 40 | D42: San Jose | E42: 7.9556, 123.5828 | F42: ✔️ | H42: Dipalutao BS | I42: 7.95464,123.4607 | J42: X | N42: X | P42: =IF(COUNTA(J42:O42)=0,FALSE,TRUE) -> TRUE
A43: 1 | B43: ARORA | C43: 41 | D43: San Juan | E43: 7.9504, 123.5422 | F43: ✔️ | H43: Dipalutao BS | I43: 7.95464,123.4607 | J43: X | P43: =IF(COUNTA(J43:O43)=0,FALSE,TRUE) -> TRUE
A44: 1 | B44: ARORA | C44: 42 | D44: Sapa Loboc | E44: 7.9938, 123.5418 | F44: ✔️ | H44: Kapalaran BS | I44: 8.0309, 123.5401 | J44: X | P44: =IF(COUNTA(J44:O44)=0,FALSE,TRUE) -> TRUE
A45: 1 | B45: ARORA | C45: 43 | D45: Tagulalo | E45: 7.9727, 123.5938 | F45: ✔️ | H45: Kapalaran BS | I45: 8.0309, 123.5401 | P45: =IF(COUNTA(J45:O45)=0,FALSE,TRUE) -> FALSE
A46: 1 | B46: ARORA | C46: 44 | D46: Waterfall | E46: 7.9391, 123.5661 | G46: ❌ | H46: San Jose BS | I46: 7.9556, 123.5828 | P46: =IF(COUNTA(J46:O46)=0,FALSE,TRUE) -> FALSE
A47: 1 | B47: ARORA | C47: =COUNTA(C3:C46) -> 44 | D47: BARANGAYS | E47: LOS | NLOS | F47: =COUNTA(F3:F46) -> 37 | G47: =COUNTA(G3:G46) -> 7 | H47: INSTALLATIONS | J47: =COUNTA(J3:J46) -> 24 | K47: =COUNTA(K3:K46) -> 2 | L47: =COUNTA(L3:L46) -> 2 | M47: =COUNTA(M3:M46) -> 0 | N47: =COUNTA(N3:N46) -> 3 | O47: =COUNTA(O3:O46) -> 0 | P47: =COUNTIF(P3:P46,TRUE) -> 24
A48: 2 | B48: BAYOG | C48: 1 | D48: Baking | G48: ❌ | P48: =IF(COUNTA(J48:O48)=0,FALSE,TRUE) -> FALSE
A49: 2 | B49: BAYOG | C49: 2 | D49: Balukbahan | G49: ❌ | P49: =IF(COUNTA(J49:O49)=0,FALSE,TRUE) -> FALSE
A50: 2 | B50: BAYOG | C50: 3 | D50: Balumbunan | G50: ❌ | P50: =IF(COUNTA(J50:O50)=0,FALSE,TRUE) -> FALSE
A51: 2 | B51: BAYOG | C51: 4 | D51: Bantal | G51: ❌ | P51: =IF(COUNTA(J51:O51)=0,FALSE,TRUE) -> FALSE
A52: 2 | B52: BAYOG | C52: 5 | D52: Bobuan | G52: ❌ | P52: =IF(COUNTA(J52:O52)=0,FALSE,TRUE) -> FALSE
A53: 2 | B53: BAYOG | C53: 6 | D53: Camp Blessing | G53: ❌ | P53: =IF(COUNTA(J53:O53)=0,FALSE,TRUE) -> FALSE
A54: 2 | B54: BAYOG | C54: 7 | D54: Canoayan | G54: ❌ | P54: =IF(COUNTA(J54:O54)=0,FALSE,TRUE) -> FALSE
A55: 2 | B55: BAYOG | C55: 8 | D55: Conacon | G55: ❌ | P55: =IF(COUNTA(J55:O55)=0,FALSE,TRUE) -> FALSE
A56: 2 | B56: BAYOG | C56: 9 | D56: Dagum | G56: ❌ | P56: =IF(COUNTA(J56:O56)=0,FALSE,TRUE) -> FALSE
A57: 2 | B57: BAYOG | C57: 10 | D57: Damit | G57: ❌ | P57: =IF(COUNTA(J57:O57)=0,FALSE,TRUE) -> FALSE
A58: 2 | B58: BAYOG | C58: 11 | D58: Datagan | G58: ❌ | P58: =IF(COUNTA(J58:O58)=0,FALSE,TRUE) -> FALSE
A59: 2 | B59: BAYOG | C59: 12 | D59: Depase | G59: ❌ | P59: =IF(COUNTA(J59:O59)=0,FALSE,TRUE) -> FALSE
... A75: 2 | B75: BAYOG | C75: 28 | D75: Supon | G75: ❌ | P75: =IF(COUNTA(J75:O75)=0,FALSE,TRUE) -> FALSE
A76: 2 | B76: BAYOG | C76: =COUNTA(C48:C75) -> 28 | D76: BARANGAYS | E76: LOS | NLOS | F76: =COUNTA(F48:F75) -> 0 | G76: =COUNTA(G48:G75) -> 28 | H76: INSTALLATIONS | J76: =COUNTA(J48:J75) -> 0 | K76: =COUNTA(K48:K75) -> 0 | L76: =COUNTA(L48:L75) -> 0 | M76: =COUNTA(M48:M75) -> 0 | N76: =COUNTA(N48:N75) -> 0 | O76: =COUNTA(O48:O75) -> 0 | P76: =COUNTIF(P48:P75,TRUE) -> 0
A77: 3 | B77: DIMATALING | C77: 1 | D77: Bacayawan | E77: 7.5321, 123.3765 | F77: ✔️ | H77: Dupongan BS | I77: 7.6362, 123.3236 | P77: =IF(COUNTA(J77:O77)=0,FALSE,TRUE) -> FALSE
A78: 3 | B78: DIMATALING | C78: 2 | D78: Baha | E78: 7.5833, 123.2814 | F78: ✔️ | H78: Kapamanok BS | I78: 7.6774, 123.4169 | P78: =IF(COUNTA(J78:O78)=0,FALSE,TRUE) -> FALSE
A79: 3 | B79: DIMATALING | C79: 3 | D79: Balanagan | E79: 7.4833, 123.3528 | F79: ✔️ | H79: Kagawasan BS | I79: 7.5000, 123.3434 | P79: =IF(COUNTA(J79:O79)=0,FALSE,TRUE) -> FALSE
A80: 3 | B80: DIMATALING | C80: 4 | D80: Baluno | E80: 7.5705, 123.2816 | F80: ✔️ | H80: Kapamanok BS | I80: 7.6774, 123.4169 | J80: X | P80: =IF(COUNTA(J80:O80)=0,FALSE,TRUE) -> TRUE
A81: 3 | B81: DIMATALING | C81: 5 | D81: Binuay | E81: 7.5802, 123.2611 | F81: ✔️ | H81: Kapamanok BS | I81: 7.6774, 123.4169 | J81: X | P81: =IF(COUNTA(J81:O81)=0,FALSE,TRUE) -> TRUE
A82: 3 | B82: DIMATALING | C82: 6 | D82: Buburay | E82: 7.4973, 123.3656 | F82: ✔️ | H82: Kagawasan BS | I82: 7.5000, 123.3434 | J82: X | P82: =IF(COUNTA(J82:O82)=0,FALSE,TRUE) -> TRUE
A83: 3 | B83: DIMATALING | C83: 7 | D83: Grap | E83: 7.5377, 123.2455 | G83: ❌ | H83: Balong-Balong BS | I83: 7.5121, 123.2962 | P83: =IF(COUNTA(J83:O83)=0,FALSE,TRUE) -> FALSE
A84: 3 | B84: DIMATALING | C84: 8 | D84: Josefina | E84: 7.5583, 123.2480 | F84: ✔️ | H84: Capisan BS | I84: 7.4225, 123.3849 | J84: X | N84: X | P84: =IF(COUNTA(J84:O84)=0,FALSE,TRUE) -> TRUE
A85: 3 | B85: DIMATALING | C85: 9 | D85: Kagawasan | E85: 7.5000, 123.3434 | F85: ✔️ | H85: Kapamanok BS | I85: 7.6774, 123.4169 | J85: X | N85: X | P85: =IF(COUNTA(J85:O85)=0,FALSE,TRUE) -> TRUE
A86: 3 | B86: DIMATALING | C86: 10 | D86: Lalab | E86: 7.5548, 123.2794 | F86: ✔️ | H86: Libertad BS | I86: 7.5471, 123.3020 | P86: =IF(COUNTA(J86:O86)=0,FALSE,TRUE) -> FALSE
A87: 3 | B87: DIMATALING | C87: 11 | D87: Libertad | E87: 7.5471, 123.3020 | F87: ✔️ | H87: Kapamanok BS | I87: 7.6774, 123.4169 | J87: X | L87: X | N87: X | P87: =IF(COUNTA(J87:O87)=0,FALSE,TRUE) -> TRUE
A88: 3 | B88: DIMATALING | C88: 12 | D88: Magahis | E88: 7.5905, 123.2622 | F88: ✔️ | H88: Magahis, Margos | I88: 7.6032, 123.2625 | J88: X | P88: =IF(COUNTA(J88:O88)=0,FALSE,TRUE) -> TRUE
A89: 3 | B89: DIMATALING | C89: 13 | D89: Mahayag | E89: 7.5523, 123.3256 | F89: ✔️ | H89: Dupongan BS | I89: 7.6362, 123.3236 | P89: =IF(COUNTA(J89:O89)=0,FALSE,TRUE) -> FALSE
A90: 3 | B90: DIMATALING | C90: 14 | D90: Mercedes | E90: 7.5698, 123.3005 | F90: ✔️ | H90: Dupongan BS | I90: 7.6362, 123.3236 | P90: =IF(COUNTA(J90:O90)=0,FALSE,TRUE) -> FALSE
A91: 3 | B91: DIMATALING | C91: 15 | D91: Poblacion | E91: 7.5292, 123.3662 | F91: ✔️ | H91: Kagawasan BS | I91: 7.5000, 123.3434 | J91: X | P91: =IF(COUNTA(J91:O91)=0,FALSE,TRUE) -> TRUE
A92: 3 | B92: DIMATALING | C92: 16 | D92: Saloagan | E92: 7.5367, 123.2616 | F92: ✔️ | H92: Balong-Balong BS | I92: 7.5121, 123.2962 | J92: X | P92: =IF(COUNTA(J92:O92)=0,FALSE,TRUE) -> TRUE
A93: 3 | B93: DIMATALING | C93: 17 | D93: San Roque | E93: 7.5505, 123.2729 | F93: ✔️ | H93: Balong-Balong BS | I93: 7.5121, 123.2962 | P93: =IF(COUNTA(J93:O93)=0,FALSE,TRUE) -> FALSE
A94: 3 | B94: DIMATALING | C94: 18 | D94: Sugbay Uno | E94: 7.5081, 123.3267 | F94: ✔️ | H94: Kagawasan BS | I94: 7.5000, 123.3434 | J94: X | P94: =IF(COUNTA(J94:O94)=0,FALSE,TRUE) -> TRUE
A95: 3 | B95: DIMATALING | C95: 19 | D95: Sumbato | E95: 7.5312, 123.3113 | F95: ✔️ | H95: Balong-Balong BS | I95: 7.5121, 123.2962 | P95: =IF(COUNTA(J95:O95)=0,FALSE,TRUE) -> FALSE
A96: 3 | B96: DIMATALING | C96: 20 | D96: Sumpot | E96: 7.4819, 123.3830 | F96: ✔️ | H96: Dupongan BS | I96: 7.6362, 123.3236 | J96: X | K96: X | P96: =IF(COUNTA(J96:O96)=0,FALSE,TRUE) -> TRUE
A97: 3 | B97: DIMATALING | C97: 21 | D97: Tinggabulong | E97: 7.4651, 123.3618 | F97: ✔️ | H97: Capisan BS | I97: 7.4225, 123.3849 | J97: X | P97: =IF(COUNTA(J97:O97)=0,FALSE,TRUE) -> TRUE
A98: 3 | B98: DIMATALING | C98: 22 | D98: Tiniguangan | E98: 7.5323, 123.3315 | F98: ✔️ | H98: Balong-Balong BS | I98: 7.5121, 123.2962 | P98: =IF(COUNTA(J98:O98)=0,FALSE,TRUE) -> FALSE
A99: 3 | B99: DIMATALING | C99: 23 | D99: Tipangi | E99: 7.5330, 123.2923 | F99: ✔️ | H99: Balong-Balong BS | I99: 7.5121, 123.2962 | P99: =IF(COUNTA(J99:O99)=0,FALSE,TRUE) -> FALSE
A100: 3 | B100: DIMATALING | C100: 24 | D100: Upper Ludiong | E100: 7.5487, 123.3080 | F100: ✔️ | H100: Libertad BS | I100: 7.5471, 123.3020 | P100: =IF(COUNTA(J100:O100)=0,FALSE,TRUE) -> FALSE
A101: 3 | B101: DIMATALING | C101: =COUNTA(C77:C100) -> 24 | D101: BARANGAYS | E101: LOS | NLOS | F101: =COUNTA(F77:F100) -> 23 | G101: =COUNTA(G77:G100) -> 1 | H101: INSTALLATIONS | J101: =COUNTA(J77:J100) -> 12 | K101: =COUNTA(K77:K100) -> 1 | L101: =COUNTA(L77:L100) -> 1 | M101: =COUNTA(M77:M100) -> 0 | N101: =COUNTA(N77:N100) -> 3 | O101: =COUNTA(O77:O100) -> 0 | P101: =COUNTIF(P77:P100,TRUE) -> 12
A102: 4 | B102: DINAS | C102: 1 | D102: Bacawan | E102: 7.6077, 123.3100 | F102: ✔️ | H102: Kapamanok BS | I102: 7.6774, 123.4169 | P102: =IF(COUNTA(J102:O102)=0,FALSE,TRUE) -> FALSE
A103: 4 | B103: DINAS | C103: 2 | D103: Benuatan | E103: 7.6130, 123.3424 | F103: ✔️ | H103: Kapamanok BS | I103: 7.6774, 123.4169 | J103: X | K103: X | P103: =IF(COUNTA(J103:O103)=0,FALSE,TRUE) -> TRUE
A104: 4 | B104: DINAS | C104: 3 | D104: Beray | E104: 7.6369, 123.2830 | F104: ✔️ | H104: Dupongan BS | I104: 7.6362, 123.3236 | J104: X | P104: =IF(COUNTA(J104:O104)=0,FALSE,TRUE) -> TRUE
A105: 4 | B105: DINAS | C105: 4 | D105: Don Jose | E105: 7.6177, 123.33710 | F105: ✔️ | H105: Kapamanok BS | I105: 7.6774, 123.4169 | J105: X | K105: X | L105: X | P105: =IF(COUNTA(J105:O105)=0,FALSE,TRUE) -> TRUE
A106: 4 | B106: DINAS | C106: 5 | D106: Dongos | E106: 7.6657, 123.3585 | F106: ✔️ | H106: Dupongan BS | I106: 7.6362, 123.3236 | J106: X | P106: =IF(COUNTA(J106:O106)=0,FALSE,TRUE) -> TRUE
A107: 4 | B107: DINAS | C107: 6 | D107: East Migpulao | E107: 7.6290, 123.3551 | F107: ✔️ | H107: Dupongan BS | I107: 7.6362, 123.3236 | J107: X | P107: =IF(COUNTA(J107:O107)=0,FALSE,TRUE) -> TRUE
A108: 4 | B108: DINAS | C108: 7 | D108: Guinicolalay | E108: 7.6446, 123.3787 | F108: ✔️ | H108: Dupongan BS | I108: 7.6362, 123.3236 | P108: =IF(COUNTA(J108:O108)=0,FALSE,TRUE) -> FALSE
A109: 4 | B109: DINAS | C109: 8 | D109: Ignacio Garrata | E109: 7.6604, 123.3190 | F109: ✔️ | H109: Dupongan BS | I109: 7.6362, 123.3236 | J109: X | L109: X | P109: =IF(COUNTA(J109:O109)=0,FALSE,TRUE) -> TRUE
A110: 4 | B110: DINAS | C110: 9 | D110: Kinakap | E110: 7.6172, 123.2880 | F110: ✔️ | H110: Dupongan BS | I110: 7.6362, 123.3236 | P110: =IF(COUNTA(J110:O110)=0,FALSE,TRUE) -> FALSE
A111: 4 | B111: DINAS | C111: 10 | D111: Legarda 1 | E111: 7.6325, 123.3038 | F111: ✔️ | H111: Dupongan BS | I111: 7.6362, 123.3236 | J111: X | K111: X | P111: =IF(COUNTA(J111:O111)=0,FALSE,TRUE) -> TRUE
A112: 4 | B112: DINAS | C112: 11 | D112: Legarda 2 | E112: 7.6444, 123.2987 | F112: ✔️ | H112: Dupongan BS | I112: 7.6362, 123.3236 | J112: X | L112: X | N112: X | P112: =IF(COUNTA(J112:O112)=0,FALSE,TRUE) -> TRUE
A113: 4 | B113: DINAS | C113: 12 | D113: Legarda 3 | E113: 7.6517, 123.3079 | F113: ✔️ | H113: Dupongan BS | I113: 7.6362, 123.3236 | J113: X | P113: =IF(COUNTA(J113:O113)=0,FALSE,TRUE) -> TRUE
A114: 4 | B114: DINAS | C114: 13 | D114: Lower Dimaya | E114: 7.6115, 123.32419 | F114: ✔️ | H114: Kapamanok BS | I114: 7.6774, 123.4169 | J114: X | K114: X | P114: =IF(COUNTA(J114:O114)=0,FALSE,TRUE) -> TRUE
A115: 4 | B115: DINAS | C115: 14 | D115: Locuban | E115: 7.5624, 123.3355 | F115: ✔️ | H115: Kapamanok BS | I115: 7.6774, 123.4169 | P115: =IF(COUNTA(J115:O115)=0,FALSE,TRUE) -> FALSE
...
